lat,lon,latlong_unique,SN_total_0_30,SP_total_0_30,SOC_total_0_30,CEC_total_0_30,AP_total_0_30,ETa,NPP,MAT_C,PPT_mm
-26.4433,114.168,-26.4433114.1681,0.042,0.035,0.617,12.240,6.643,0.671,2563.316,23.103,198.733
-27.6319,114.540,-27.6319114.54,0.042,0.017,0.656,9.012,2.164,0.879,4011.000,20.518,263.210
-24.9881,114.808,,0.032,0.026,0.602,12.046,6.136,0.733,1077.053,24.708,189.181
-24.9544,114.939,-24.9881114.8081,0.032,0.026,0.606,14.768,6.136,0.733,1077.053,24.708,189.819
-30.0453,114.963,-30.0453114.9628,0.059,0.026,1.185,7.257,7.150,NULL,8016.579,19.829,437.481
-24.5336,114.982,-24.5336114.9822,0.049,0.031,0.448,11.439,7.287,0.733,1077.053,23.999,228.248
-30.0731,114.983,-30.0731114.9825,0.069,0.021,1.739,9.935,7.150,NA,8016.579,19.829,437.481
-30.0598,114.983,-30.0598114.983,0.065,0.018,1.512,8.243,6.986,NA,8016.579,19.829,437.481
-30.0939,114.990,-30.0939114.9901,0.068,0.018,1.114,10.142,NA,NA,8016.579,19.767,446.624
-30.1067,114.997,-30.1067114.9966,0.053,0.023,0.966,12.196,NA,NA,8016.579,19.767,446.624
-30.0905,114.999,-30.0905114.9986,0.076,0.022,1.759,9.281,6.986,NA,8016.579,19.767,446.624
-30.181,115.004,-30.181115.0038,0.059,0.030,1.050,12.930,6.821,1.367,4726.842,19.804,456.619
-30.0354,115.006,-30.0354115.0055,0.061,0.017,1.507,13.966,6.150,1.367,4726.842,20.161,430.281
-30.1151,115.007,-30.1151115.0065,0.070,0.019,1.448,9.447,5.657,1.367,4726.842,20.064,443.452
-30.1646,115.008,-30.1646115.0075,0.064,0.033,1.532,9.310,6.150,1.367,4726.842,19.959,445.862
-30.2236,115.008,-30.2236115.0082,0.068,0.021,1.478,10.579,5.986,1.367,4726.842,19.564,452.681
-30.2141,115.010,-30.2141115.0104,0.076,0.022,2.039,9.362,6.986,1.367,4726.842,19.564,452.681
-30.2242,115.011,-30.2242115.0107,0.071,0.020,1.646,8.263,5.657,1.367,4726.842,19.564,452.681
-30.1703,115.012,-30.1703115.0119,0.060,0.032,1.394,8.665,5.986,1.367,4726.842,19.804,456.619
-30.063,115.012,-30.063115.012,0.081,0.020,1.519,9.323,5.986,1.367,4726.842,20.198,441.329
-30.2263,115.018,-30.2263115.0184,0.068,0.036,1.517,7.386,5.657,1.367,4726.842,19.564,452.681
-30.0276,115.039,-30.0276115.0389,0.069,0.016,1.555,8.283,7.643,1.367,4726.842,20.161,430.281
-30.2532,115.040,-30.2532115.0396,0.060,0.034,1.323,10.224,NA,1.367,4726.842,19.384,460.857
-30.2766,115.045,-30.2766115.0453,0.076,0.018,1.719,8.517,7.657,1.367,4726.842,19.639,460.557
-30.2743,115.047,-30.2743115.047,0.080,0.024,2.031,8.915,6.150,1.367,4726.842,19.639,460.557
-30.2484,115.048,-30.2484115.0483,0.063,0.023,1.462,6.197,7.643,1.367,4726.842,19.844,454.919
-30.0826,115.053,-30.0826115.0525,0.068,0.014,1.307,6.392,6.643,1.367,4726.842,20.339,442.657
-30.098,115.058,-30.098115.058,0.065,0.015,1.361,7.632,7.150,1.367,4726.842,20.324,439.890
-30.1912,115.059,-30.1912115.0593,0.065,0.017,1.570,7.565,6.493,1.367,4726.842,20.136,450.938
-30.2766,115.062,-30.2766115.0618,0.064,0.022,1.705,7.136,8.643,1.367,4726.842,19.639,460.557
-30.1432,115.062,-30.1432115.0621,0.067,0.015,1.448,7.497,7.480,1.367,4726.842,20.233,448.762
-30.1921,115.063,-30.1921115.063,0.068,0.016,1.492,8.015,6.657,1.367,4726.842,20.136,450.938
-30.2137,115.064,-30.2137115.0639,0.066,0.018,1.494,8.161,5.986,1.367,4726.842,19.844,454.919
-30.2406,115.064,-30.2406115.0643,0.071,0.020,1.475,7.575,5.657,1.367,4726.842,19.844,454.919
-30.2257,115.065,-30.2257115.0649,0.054,0.019,1.382,7.263,7.986,1.367,4726.842,19.844,454.919
-30.3157,115.067,-30.3157115.0666,0.078,0.019,1.448,7.596,5.493,1.367,4726.842,19.629,469.767
-30.2406,115.067,-30.2406115.0669,0.062,0.020,1.439,6.638,6.986,1.367,4726.842,19.844,454.919
-30.2287,115.069,-30.2287115.0685,0.074,0.019,1.610,7.530,5.657,1.367,4726.842,19.844,454.919
-30.2404,115.069,-30.2404115.0693,0.063,0.019,1.415,8.183,7.493,1.367,4726.842,19.844,454.919
-30.2353,115.071,-30.2353115.0707,0.064,0.018,1.521,6.695,5.986,1.367,4726.842,19.844,454.919
-30.2709,115.071,-30.2709115.0708,0.073,0.020,1.589,6.815,5.657,1.367,4726.842,19.639,460.557
-30.1979,115.074,-30.1979115.0739,0.077,0.016,1.633,6.529,6.493,1.367,4726.842,20.136,450.938
-30.1915,115.074,-30.1915115.0743,0.062,0.014,1.454,7.339,5.986,1.367,4726.842,20.136,450.938
-30.4071,115.082,-30.4071115.0819,0.048,0.018,0.883,11.439,6.493,1.367,4726.842,19.310,479.467
-33.9164,115.083,-33.9164115.0833,0.150,0.021,2.388,8.286,9.507,1.838,10562.421,16.976,925.581
-30.4058,115.095,-30.4058115.0948,0.054,0.018,0.985,8.461,6.657,1.367,4726.842,19.490,484.657
-30.1682,115.106,-30.1682115.1057,0.055,0.014,1.328,6.700,4.000,1.367,4726.842,19.948,456.314
-30.1267,115.106,-30.1267115.1063,0.060,0.015,1.336,6.402,3.657,1.367,4726.842,20.086,453.657
-30.1296,115.108,-30.1296115.1075,0.071,0.016,1.510,6.905,4.000,1.367,4726.842,20.086,453.657
-30.1714,115.109,-30.1714115.1091,0.057,0.014,1.298,6.341,5.000,1.367,4726.842,19.948,456.314
-30.1867,115.109,-30.1867115.1091,0.070,0.014,1.333,7.235,4.493,1.367,4726.842,19.948,456.314
-30.16,115.121,-30.16115.1206,0.066,0.015,1.361,6.173,3.493,1.367,4726.842,20.086,453.657
-30.1643,115.123,-30.1643115.1226,0.060,0.015,1.277,6.759,3.493,1.367,4726.842,20.086,453.657
-23.9572,115.127,-23.9572115.1267,0.036,0.030,0.640,10.615,7.136,0.715,540.737,25.349,216.071
-30.1809,115.129,-30.1809115.1288,0.067,0.015,1.374,6.659,3.493,1.367,4726.842,19.751,467.824
-24.4997,115.141,-24.4997115.1406,0.030,0.022,0.546,8.395,6.136,0.618,677.684,23.969,245.533
-24.4142,115.165,-24.4142115.1653,0.030,0.030,0.593,7.587,7.300,0.618,677.684,24.084,248.090
-30.2942,115.185,-30.2942115.1849,0.059,0.015,1.399,9.032,4.164,1.367,4726.842,19.756,462.186
-30.2951,115.188,-30.2951115.1876,0.060,0.015,1.363,7.248,4.164,1.367,4726.842,19.756,462.186
-30.3114,115.202,-30.3114115.2016,0.056,0.017,1.278,6.235,3.493,1.367,4726.842,19.756,462.186
-28.5319,115.238,-28.5319115.2383,0.038,0.014,0.656,7.692,3.493,0.833,3686.158,20.577,265.190
-31.014,115.330,-31.014115.33,0.074,0.023,1.374,9.228,10.957,1.498,6826.158,19.043,563.862
-33.5814,115.499,-33.5814115.4992,0.062,0.017,2.244,7.510,8.300,1.838,10562.421,17.656,676.867
-31.545,115.675,-31.545115.6747,0.102,0.017,2.174,8.386,9.150,1.498,6826.158,18.756,626.295
-31.7078,115.722,-31.7078115.7219,0.083,0.020,1.781,9.448,8.643,1.498,6826.158,18.819,629.348
-32.6847,115.743,-32.6847115.7427,0.098,0.019,2.558,15.133,10.123,NA,9433.158,18.356,769.829
-33.0069,115.743,-33.0069115.7431,0.088,0.020,2.592,9.399,13.273,1.838,10562.421,17.966,773.219
-34.4196,115.821,-34.4196115.8213,0.148,0.022,2.572,9.877,7.986,1.925,15718.789,16.137,1008.876
-32.0467,115.836,-32.0467115.8364,0.070,0.018,1.677,12.492,8.164,NA,9433.158,18.779,684.438
-28.4653,115.916,-28.4653115.9164,0.036,0.014,0.531,6.976,4.493,0.833,3686.158,20.649,240.729
-34.4919,115.952,-34.4919115.9517,0.142,0.025,3.444,8.746,11.123,1.925,15718.789,15.683,1077.562
-34.5303,116.010,-34.5303116.01,0.139,0.023,3.219,7.098,10.973,1.873,17216.316,15.703,1034.824
-31.0986,116.051,-31.0986116.0509,0.068,0.019,1.031,5.411,4.493,1.259,6826.158,18.568,484.552
-32.3527,116.077,-32.3527116.0765,0.069,0.017,2.106,3.563,4.507,1.615,9433.158,16.786,1002.448
-34.6389,116.124,-34.6389116.1238,0.140,0.021,3.205,9.153,8.973,1.873,17216.316,15.878,1068.048
-31.8682,116.223,-31.8682116.223,0.075,0.017,2.140,7.583,6.000,1.259,6826.158,16.777,755.862
-31.8908,116.249,-31.8908116.2492,0.091,0.029,2.170,10.614,7.480,1.259,6826.158,16.570,778.481
-31.8844,116.262,-31.8844116.2619,0.094,0.021,1.940,6.733,6.329,1.259,6826.158,16.760,711.429
-34.0812,116.330,-34.0812116.3304,0.111,0.019,1.850,6.710,8.520,1.873,17216.316,14.865,635.690
-32.5207,116.499,-32.5207116.499,0.072,0.014,1.793,7.592,5.027,1.615,9433.158,15.736,616.862
-31.8953,116.559,-31.8953116.5586,0.069,0.015,1.125,4.757,6.014,1.259,6826.158,16.916,486.981
-34.9106,116.689,-34.9106116.6889,0.116,0.015,3.537,8.000,11.630,1.873,17216.316,15.483,1049.252
-34.9697,116.791,-34.9697116.7914,0.163,0.018,3.447,8.316,15.096,1.873,17216.316,15.709,1058.657
-24.2772,116.959,-24.2772116.9594,0.034,0.029,0.576,8.305,6.807,0.639,634.263,24.997,241.143
-23.5,117.161,-23.5117.1606,0.032,0.033,0.733,8.660,8.793,1.190,442.368,26.723,212.629
-24.0197,117.221,-24.0197117.2208,0.023,0.025,0.444,8.680,6.643,1.021,634.263,24.259,241.943
-24.0108,117.263,-24.0108117.2631,0.030,0.026,0.591,10.210,6.150,1.021,634.263,24.565,238.424
-34.9656,117.289,-34.9656117.2894,0.132,0.017,3.690,10.146,14.259,1.226,9407.474,15.405,1021.638
-32.554,117.335,-32.554117.3354,0.054,0.008,1.029,5.995,3.507,0.990,5580.000,16.274,353.886
-34.6534,117.499,-34.6534117.4991,0.061,0.016,2.435,8.105,10.807,1.226,9407.474,14.950,618.743
-34.7442,117.506,-34.7442117.5061,0.073,0.018,2.438,11.876,9.150,1.226,9407.474,15.206,670.948
-31.7821,117.611,-31.7821117.6108,0.045,0.009,0.689,6.445,5.507,0.862,4175.158,17.946,284.229
-22.33,117.617,-22.33117.6167,0.047,0.030,0.395,9.116,7.973,1.310,795.526,24.369,397.176
-22.2542,117.670,-22.2542117.6697,0.026,0.020,0.454,8.945,6.150,1.310,795.526,24.567,411.429
-22.7192,117.761,-22.7192117.7614,0.033,0.026,0.678,9.792,21.903,1.310,795.526,23.093,365.524
-34.3789,117.780,-34.3789117.7797,0.081,0.015,1.483,6.727,9.945,1.226,9407.474,15.059,418.938
-23.1333,117.800,-23.1333117.8,0.032,0.026,0.652,14.292,8.793,1.190,442.368,25.663,283.729
-34.1494,118.235,-34.1494118.235,0.072,0.013,1.243,7.870,9.150,1.181,6473.421,16.044,355.571
-32.6647,118.326,-32.6647118.3258,0.058,0.013,0.856,10.342,8.164,0.901,3704.526,17.369,284.462
-33.9194,118.329,-33.9194118.3289,0.075,0.014,1.111,6.865,7.986,1.188,4434.368,15.781,356.333
-33.7111,118.365,-33.7111118.365,0.059,0.011,0.985,10.763,4.507,1.188,4434.368,15.569,345.071
-33.5481,118.378,-33.5481118.3775,0.064,0.012,0.886,8.513,5.493,1.188,4434.368,16.156,321.638
-33.5983,118.441,-33.5983118.4414,0.061,0.013,0.983,8.865,7.986,1.188,4434.368,16.082,326.181
-33.165,118.473,-33.165118.4728,0.056,0.011,0.771,8.925,9.493,1.188,4434.368,16.799,312.257
-33.3817,118.510,-33.3817118.51,0.059,0.013,0.928,8.253,8.000,1.188,4434.368,16.351,307.814
-22.3214,118.544,-22.3214118.5436,0.029,0.019,0.556,7.547,7.300,2.427,963.579,26.484,429.857
-28.7094,118.621,-28.7094118.6206,0.035,0.014,0.539,7.093,6.793,0.845,1614.474,19.916,253.905
-34.6015,118.743,-34.6015118.7427,0.096,0.021,1.726,10.456,13.793,1.181,6473.421,16.163,557.076
-32.1103,118.793,-32.1103118.7933,0.052,0.010,0.686,6.679,4.000,0.901,3704.526,17.563,295.933
-29.015,118.891,-29.015118.8908,0.030,0.012,0.601,6.262,6.136,0.756,2474.263,19.858,255.229
-32.6714,118.999,-32.6714118.9989,0.052,0.008,1.271,6.957,5.520,0.901,3704.526,15.865,335.162
-32.7297,119.005,-32.7297119.0047,0.043,0.009,1.145,7.466,3.520,0.959,3733.474,16.099,330.452
-31.2136,119.346,-31.2136119.3456,0.045,0.015,0.727,9.019,3.493,0.898,2846.579,18.561,309.529
-32.4258,119.356,-32.4258119.3564,0.043,0.008,0.827,7.811,4.014,0.959,3733.474,17.184,341.500
-29.6744,119.366,-29.6744119.3661,0.036,0.014,0.564,7.736,7.300,1.676,2315.000,19.507,254.986
-29.9511,119.398,-29.9511119.3983,0.032,0.011,0.541,7.120,6.300,1.676,2315.000,18.772,238.662
-30.9956,119.466,-30.9956119.4656,0.043,0.015,0.775,6.681,3.657,1.054,2474.263,18.683,277.462
-29.7483,119.476,-29.7483119.4758,0.033,0.013,0.658,6.655,5.807,1.676,2315.000,19.365,249.757
-29.7231,119.489,-29.7231119.4892,0.052,0.015,0.595,8.899,6.314,1.676,2315.000,19.365,249.757
-30.7961,119.536,-30.7961119.5364,0.038,0.014,0.790,10.318,4.150,1.054,2474.263,19.031,270.686
-30.7483,119.558,-30.7483119.5583,0.037,0.014,0.866,9.924,5.643,1.054,2474.263,19.005,263.281
-32.2778,119.581,-32.2778119.5808,0.049,0.010,1.059,7.541,4.000,0.959,3733.474,16.579,349.852
-30.515,119.594,-30.515119.5942,0.036,0.012,0.707,7.550,4.150,1.054,2474.263,18.611,246.624
-29.9958,119.627,-29.9958119.6267,0.036,0.016,0.876,8.105,11.423,1.676,2315.000,19.145,242.310
-30.4306,119.634,-30.4306119.6339,0.035,0.014,0.779,7.238,4.150,1.054,2474.263,18.587,245.995
-30.0194,119.679,-30.0194119.6789,0.028,0.013,0.673,6.255,7.300,1.054,2474.263,19.238,234.595
-32.1647,119.749,-32.1647119.7489,0.050,0.009,0.914,6.481,5.164,0.959,3733.474,16.516,337.295
-30.2625,119.781,-30.2625119.7814,0.032,0.010,0.658,8.711,4.150,1.054,2474.263,18.136,247.233
-30.0064,119.789,-30.0064119.7886,0.032,0.014,0.843,9.867,5.807,1.054,2474.263,19.177,234.186
-30.0528,119.835,-30.0528119.835,0.032,0.012,0.701,6.791,4.643,1.054,2474.263,18.884,244.505
-30.2056,119.863,-30.2056119.8633,0.043,0.016,1.043,6.046,7.630,1.054,2474.263,18.694,247.562
-32.0497,119.903,-32.0497119.9028,0.048,0.012,0.883,8.371,5.000,0.959,3733.474,16.779,318.295
-20.6636,120.073,-20.6636120.0731,0.035,0.018,0.610,11.845,5.986,0.980,731.474,28.519,371.500
-31.8772,120.189,-31.8772120.1892,0.044,0.009,1.017,10.164,3.657,0.922,3083.316,17.144,296.905
-19.9728,120.221,-19.9728120.2206,0.036,0.013,0.644,5.534,3.507,NA,1399.000,27.999,386.648
-31.7803,120.343,-31.7803120.3433,0.047,0.008,0.794,7.284,3.493,0.922,3083.316,16.743,295.576
-31.6703,120.477,-31.6703120.4769,0.043,0.009,0.702,9.526,3.657,0.922,3083.316,17.104,287.271
-28.5653,120.482,-28.5653120.4822,0.027,0.018,0.615,6.480,7.300,0.566,1470.316,20.759,221.519
-31.5761,120.579,-31.5761120.5786,0.043,0.008,0.861,8.713,3.657,0.922,3083.316,17.301,278.400
-30.191,120.654,-30.191120.654,0.034,0.015,0.774,7.223,4.643,0.849,2315.000,19.070,264.800
-31.5111,120.816,-31.5111120.8164,0.043,0.009,0.845,6.900,3.150,0.922,3083.316,17.189,285.643
-31.1914,120.942,-31.1914120.9422,0.037,0.009,0.696,9.599,4.150,0.922,3083.316,17.801,294.457
-29.7614,121.063,-29.7614121.0628,0.034,0.016,0.632,8.415,6.300,0.683,2250.526,20.009,266.029
-29.905,121.119,-29.905121.1189,0.033,0.014,0.742,6.674,4.807,0.683,2250.526,19.405,252.743
-30.95,121.150,-30.95121.15,0.041,0.018,0.668,7.872,4.807,0.891,2315.000,18.316,292.605
-29.2422,121.252,-29.2422121.2522,0.027,0.014,0.638,8.748,6.807,0.683,2250.526,20.303,227.710
-29.4953,121.252,-29.4953121.2522,0.029,0.018,0.710,7.390,6.807,0.683,2250.526,20.282,266.348
-29.2428,121.256,-29.2428121.2561,0.032,0.017,0.609,7.731,6.136,0.683,2250.526,20.303,227.710
-30.744,121.449,-30.744121.449,0.039,0.021,0.854,9.657,4.807,0.891,2315.000,18.929,280.429
-30.74,121.450,-30.74121.45,0.043,0.020,0.884,8.858,4.807,0.891,2315.000,18.929,280.429
-30.6431,121.454,-30.6431121.4536,0.032,0.017,0.842,9.071,5.136,0.891,2315.000,19.216,273.586
-19.4556,121.475,-19.4556121.4747,0.033,0.013,0.604,6.807,3.507,1.185,765.105,28.208,448.614
-28.7642,121.968,-28.7642121.9683,0.033,0.018,0.625,7.404,7.300,0.583,1470.316,20.687,225.067
-28.4008,122.568,-28.4008122.5678,0.030,0.013,0.712,6.813,6.300,0.681,1811.947,20.133,212.481
-28.3847,122.585,-28.3847122.5853,0.030,0.014,0.676,6.293,7.793,0.681,1811.947,20.076,212.810
-28.2272,122.732,-28.2272122.7319,0.027,0.015,0.689,5.498,6.300,0.681,1811.947,20.515,201.086
-17.6461,123.154,-17.6461123.1544,0.031,0.011,0.727,5.182,2.493,1.594,2166.053,27.939,718.010
-27.8986,123.378,-27.8986123.3783,0.031,0.014,0.605,7.191,10.437,0.745,1566.263,21.196,202.933
-27.9183,123.616,-27.9183123.6158,0.034,0.018,0.626,13.353,10.107,0.745,1566.263,21.320,200.519
-17.3542,123.744,-17.3542123.7444,0.034,0.013,0.790,5.583,4.329,1.594,2166.053,28.160,691.748
-16.2672,125.053,-16.2672125.0525,0.049,0.018,0.624,5.681,10.957,1.620,3557.947,27.165,1031.981
-16.1453,125.139,-16.1453125.1392,0.054,0.017,0.785,6.295,7.314,1.620,3557.947,26.750,1096.181
-16.0275,125.231,-16.0275125.2314,0.042,0.016,0.718,4.983,4.657,1.620,3557.947,26.495,1159.881
-27.0375,125.236,-27.0375125.2361,0.027,0.018,0.595,6.391,7.944,0.774,1460.632,21.847,226.410
-27.0378,125.241,-27.0378125.2406,0.026,0.013,0.660,8.657,6.464,0.774,1460.632,21.847,226.410
-16.0072,125.472,-16.0072125.4719,0.072,0.027,1.022,5.294,12.080,1.620,3557.947,25.454,1208.376
-26.9986,125.534,-26.9986125.5339,0.033,0.014,0.650,9.484,7.287,1.439,1105.684,22.171,227.471
-26.9958,125.559,-26.9958125.5589,0.029,0.017,0.540,8.047,6.957,1.439,1105.684,22.292,225.495
-16.0072,125.589,-16.0072125.5892,0.041,0.015,0.749,5.809,3.657,1.620,3557.947,25.285,1193.367
-26.9961,125.594,-26.9961125.5939,0.026,0.016,0.559,9.851,6.957,1.439,1105.684,22.323,226.148
-16.0469,125.664,-16.0469125.6642,0.038,0.016,0.695,4.301,4.164,1.620,3557.947,25.346,1177.876
-26.985,125.701,-26.985125.7014,0.029,0.020,0.645,8.162,8.450,1.439,1105.684,22.172,233.010
-16.9056,125.761,-16.9056125.7611,0.037,0.019,0.430,7.726,4.643,1.620,3557.947,26.177,924.043
-26.9794,126.053,-26.9794126.0525,0.033,0.025,0.517,7.603,7.793,0.999,1105.684,22.144,230.400
-27.0003,126.227,-27.0003126.2269,0.028,0.012,0.610,9.755,6.957,1.106,1460.632,22.103,231.781
-27.0078,126.250,-27.0078126.2497,0.026,0.012,0.682,9.459,7.793,1.106,1460.632,22.103,231.781
-26.2347,126.276,-26.2347126.2764,0.025,0.020,0.628,10.541,7.450,0.999,1105.684,22.707,245.419
-26.3678,126.285,-26.3678126.285,0.035,0.026,0.637,8.665,7.957,0.999,1105.684,22.666,247.581
-15.7136,126.387,-15.7136126.3869,0.036,0.017,0.441,6.303,3.657,1.768,3300.000,25.812,1103.171
-26.5428,126.402,-26.5428126.4017,0.027,0.014,0.675,11.358,7.287,0.999,1105.684,22.611,239.595
-26.4272,126.413,-26.4272126.4128,0.031,0.012,0.617,8.242,7.450,0.999,1105.684,22.753,242.086
-15.7683,126.607,-15.7683126.6069,0.040,0.016,0.415,5.389,3.657,1.768,3300.000,25.891,1065.938
-25.8808,126.913,-25.8808126.9128,0.025,0.015,0.638,10.211,8.450,1.225,875.737,22.670,284.433
-15.9892,126.978,-15.9892126.9775,0.049,0.020,0.355,7.694,4.657,1.768,3300.000,26.877,957.224
-25.8272,127.011,-25.8272127.0111,0.026,0.016,0.619,10.387,10.437,1.272,959.211,22.770,293.110
-25.4194,127.554,-25.4194127.5536,0.026,0.015,0.606,9.280,9.437,1.272,959.211,22.640,330.500
-15.5853,127.763,-15.5853127.7633,0.045,0.015,0.463,8.957,14.328,1.400,3300.000,28.684,1012.876
-15.5806,127.765,-15.5806127.7647,0.075,0.017,0.792,10.425,12.328,1.400,3300.000,28.819,986.086
-25.2981,127.860,-25.2981127.86,0.026,0.022,0.611,10.476,8.614,1.272,959.211,23.100,329.457
-15.4508,128.120,-15.4508128.1203,0.053,0.037,0.600,10.825,14.244,1.960,2693.053,28.760,867.962
-25.0739,128.169,-25.0739128.1694,0.029,0.020,0.565,10.201,10.107,1.028,1114.263,22.940,325.086
-17.3992,128.283,-17.3992128.2831,0.049,0.017,0.539,11.229,6.150,1.638,1458.211,27.397,682.657
-25.0464,128.311,-25.0464128.3108,0.026,0.020,0.501,9.032,10.601,1.028,1114.263,22.994,339.267
-25.0611,128.329,-25.0611128.3294,0.029,0.019,0.500,7.943,11.094,1.028,1114.263,22.994,339.267
-16.0128,128.425,-16.0128128.4247,0.042,0.013,0.546,7.910,8.384,3.611,1660.842,28.365,883.290
-17.4669,128.468,-17.4669128.4683,0.042,0.016,0.584,8.098,6.807,1.638,1458.211,27.151,633.571
-15.2414,128.499,-15.2414128.4994,0.039,0.010,0.404,5.211,5.507,1.960,2693.053,27.954,937.119
-25.1467,128.565,-25.1467128.5653,0.032,0.019,0.513,8.153,10.107,1.028,1114.263,22.536,400.433
-24.8369,128.934,-24.8369128.9336,0.028,0.019,0.530,9.456,10.601,0.785,967.632,22.620,541.214
-24.8711,129.057,-24.8711129.0569,0.028,0.018,0.466,7.131,9.778,0.771,967.263,22.763,565.057
-23.3767,129.379,-23.3767129.3789,0.030,0.023,0.582,7.939,9.614,0.859,882.316,25.256,402.557
-25.0714,129.579,-25.0714129.5786,0.027,0.017,0.497,7.487,10.107,0.834,1324.842,21.813,487.114
-25.0556,129.678,-25.0556129.6783,0.026,0.018,0.538,6.452,9.450,0.834,1324.842,22.084,462.086
-25.0672,129.839,-25.0672129.8394,0.025,0.018,0.498,6.708,9.614,0.834,1324.842,22.426,438.748
-23.2219,129.893,-23.2219129.8925,0.023,0.020,0.579,10.041,8.614,0.859,882.316,25.224,384.390
-25.2281,130.580,-25.2281130.5797,0.030,0.017,0.443,8.030,7.957,0.741,1236.842,22.259,345.462
-25.3031,130.697,-25.3031130.6972,0.030,0.018,0.450,6.578,7.287,0.741,1236.842,22.009,331.343
-17.3006,130.756,-17.3006130.7561,0.056,0.021,0.649,18.847,6.643,1.569,1714.895,26.540,648.424
-17.3008,130.756,-17.3008130.7561,0.056,0.021,0.649,18.847,6.643,1.569,1714.895,26.540,648.424
-13.158,130.778,-13.158130.778,0.062,0.015,1.175,3.148,2.657,2.727,4849.421,26.416,1601.557
-11.7672,130.880,-11.7672130.8803,0.065,0.016,1.654,3.223,5.643,3.259,7527.211,27.042,1592.529
-16.0967,130.891,-16.0967130.8906,0.054,0.018,0.646,16.255,4.821,1.678,2456.105,27.418,769.505
-16.097,130.891,-16.097130.891,0.054,0.017,0.629,15.477,4.821,1.678,2456.105,27.418,769.505
-12.4,130.900,-12.4130.9,0.074,0.013,1.311,1.979,4.657,3.238,4896.368,27.552,1717.971
-12.4339,130.923,-12.4339130.9228,0.071,0.013,1.129,2.311,4.657,3.238,4896.368,27.487,1686.757
-16.13,130.933,-16.13130.9331,0.055,0.020,0.582,15.484,5.150,1.678,2456.105,27.471,756.657
-12.7,131.000,-12.7131,0.082,0.016,1.390,3.943,6.314,2.952,4854.368,27.358,1571.476
-25.3456,131.032,-25.3456131.0322,0.032,0.021,0.468,9.237,16.244,0.786,1215.368,21.805,298.338
-12.4528,131.108,-12.4528131.1083,0.073,0.018,1.401,2.804,3.986,2.952,4854.368,27.347,1608.548
-15.5867,131.116,-15.5867131.1161,0.087,0.047,2.749,13.726,32.508,1.757,4058.211,27.859,854.719
-13.077,131.118,-13.077131.118,0.066,0.016,1.100,2.173,4.807,2.429,4533.526,27.308,1378.300
-12.485,131.146,-12.485131.146,0.079,0.021,1.659,4.029,3.657,2.952,4854.368,27.187,1583.609
-14.159,131.388,-14.159131.388,0.043,0.013,0.468,5.764,4.150,2.326,4533.526,27.401,1140.071
-14.3,132.091,-14.3132.0914,0.040,0.012,0.512,4.741,2.657,2.075,4966.579,27.520,1019.943
-14.5864,132.161,-14.5864132.1606,0.051,0.021,0.648,6.640,4.807,2.075,4966.579,27.844,989.295
-14.4731,132.303,-14.4731132.3031,0.045,0.017,0.703,8.318,2.657,2.075,4966.579,27.567,996.095
-12.5636,132.308,-12.5636132.3075,0.074,0.016,1.237,4.830,4.643,2.978,5434.158,27.506,1514.190
-12.564,132.308,-12.564132.308,0.077,0.017,1.196,4.387,5.807,2.978,5434.158,27.506,1514.190
-23.6717,132.365,-23.6717132.3653,0.025,0.015,0.465,6.310,13.914,1.429,1340.789,21.366,282.067
-15.259,132.371,-15.259132.371,0.051,0.022,0.603,7.919,3.164,2.031,4575.316,26.967,868.390
-12.6928,132.385,-12.6928132.3847,0.068,0.016,1.363,4.050,3.657,2.978,5434.158,27.637,1496.462
-12.693,132.385,-12.693132.385,0.068,0.016,1.363,4.050,3.657,2.978,5434.158,27.637,1496.462
-12.65,132.917,-12.65132.9167,0.058,0.012,1.115,5.660,3.657,2.978,5434.158,28.155,1424.200
-24.358,132.936,-24.358132.936,0.031,0.020,0.437,6.605,8.450,0.795,1172.737,22.183,232.133
-22.3468,133.328,-22.3468133.3276,0.030,0.022,0.390,7.453,10.094,0.831,1287.947,22.890,291.105
-17.133,133.329,-17.133133.329,0.040,0.014,0.437,25.431,3.164,1.742,2389.632,26.655,674.590
-17.3775,133.410,-17.3775133.4097,0.041,0.016,0.560,18.940,4.314,1.742,2389.632,26.836,589.567
-24.631,133.452,-24.631133.452,0.027,0.021,0.460,9.034,9.107,0.701,1038.842,22.325,208.190
-22.289,133.613,-22.289133.613,0.034,0.019,0.333,7.311,5.300,0.831,1287.947,23.339,226.914
-22.29,133.616,-22.29133.616,0.028,0.018,0.319,7.187,5.464,0.831,1287.947,23.339,226.914
-17.7417,133.639,-17.7417133.6386,0.039,0.013,0.528,11.448,3.657,1.742,2389.632,26.737,579.133
-23.5169,133.649,-23.5169133.6492,0.031,0.015,0.367,6.816,11.601,0.959,1240.947,21.012,285.805
-14.674,133.845,-14.674133.845,0.055,0.019,0.784,8.563,2.657,1.772,4966.579,27.946,884.148
-25.9,133.897,-25.9133.897,0.031,0.020,0.336,7.666,11.601,0.656,1060.158,21.732,161.176
-24.034,133.972,-24.034133.972,0.030,0.014,0.400,7.230,8.450,0.701,1038.842,21.404,249.833
-21.1453,134.156,-21.1453134.1558,0.030,0.017,0.443,5.752,9.121,0.810,1022.368,24.661,320.138
-20.3511,134.237,-20.3511134.2372,0.032,0.019,0.459,7.538,9.450,1.105,916.368,25.605,283.486
-14.126,134.387,-14.126134.387,0.046,0.018,0.596,4.085,2.493,1.664,5277.737,27.689,853.433
-26.278,134.999,-26.278134.999,0.029,0.027,0.437,14.141,12.421,0.572,877.579,22.714,170.533
-26.088,135.452,-26.088135.452,0.030,0.033,0.464,12.674,13.751,0.679,666.737,23.048,134.676
-24.782,136.010,-24.782136.01,0.024,0.024,0.500,11.712,11.751,0.591,569.053,23.082,122.238
-25.755,136.545,-25.755136.545,0.028,0.018,0.509,14.423,11.094,0.504,537.000,23.345,93.576
-18.786,136.865,-18.786136.865,0.037,0.022,0.469,13.551,6.643,1.497,1811.158,25.980,491.657
-18.906,137.069,-18.906137.069,0.042,0.025,0.497,12.551,6.807,1.364,1811.158,26.070,472.690
-17.896,137.101,-17.896137.101,0.040,0.022,0.623,15.218,7.793,1.521,2944.842,26.459,645.500
-17.355,137.158,-17.355137.158,0.034,0.016,0.672,7.206,3.657,1.521,2944.842,26.111,757.062
-32.321,137.954,-32.321137.954,0.061,0.017,0.764,6.726,17.834,0.738,1892.526,17.360,364.343
-32.829,138.033,-32.829138.033,0.065,0.018,1.086,11.146,16.546,0.763,2060.474,17.916,376.395
-35.608,138.261,-35.608138.261,0.114,0.012,2.119,6.839,12.932,1.648,8294.579,14.913,770.181
-31.315,138.566,-31.315138.566,0.060,0.027,0.827,11.317,26.642,1.362,1242.526,17.938,276.562
-35.272,138.690,-35.272138.69,0.093,0.017,1.353,6.071,13.055,1.648,8294.579,14.744,805.405
-34.881,138.708,-34.881138.708,0.123,0.022,1.259,9.681,26.370,1.056,5732.895,16.046,616.033
-34.933,138.727,-34.933138.727,0.130,0.017,1.578,8.941,14.055,1.056,5732.895,14.254,975.738
-35.4292,138.763,-35.4292138.7628,0.077,0.013,1.215,8.230,10.602,1.648,8294.579,16.456,468.105
-35.4333,138.767,-35.4333138.7667,0.081,0.016,0.794,9.852,12.096,1.648,8294.579,16.456,468.105
-34.609,138.861,-34.609138.861,0.092,0.015,0.694,6.039,10.782,1.056,5732.895,16.214,518.933
-34.005,138.959,-34.005138.959,0.107,0.017,1.205,8.249,21.657,1.056,5732.895,14.696,472.595
-30.656,139.547,-30.656139.547,0.033,0.030,0.466,16.378,13.437,0.943,972.053,21.150,107.405
-22.994,139.945,-22.994139.945,0.030,0.031,0.395,26.930,10.778,0.659,527.421,25.016,260.981
-34.003,140.580,-34.003140.58,0.051,0.016,0.878,13.881,8.616,1.079,3127.895,17.817,229.771
-35.34,142.830,-35.34142.83,0.062,0.031,0.907,16.892,NA,0.824,3456.053,17.224,283.795
-36.2,143.750,-36.2143.75,0.096,0.030,1.026,24.651,16.573,1.062,4478.895,16.162,349.505
-41.15,144.983,-41.15144.9833,0.257,0.038,6.415,28.533,16.409,NA,12431.526,11.890,1339.267
-37.8,145.000,-37.8145,0.104,0.023,1.348,14.884,18.573,1.950,10316.263,15.782,616.805
-37.9,145.100,-37.9145.1,0.165,0.033,1.805,15.070,15.437,1.950,10316.263,15.545,708.490
-16.1,145.400,-16.1145.4,0.188,0.049,3.925,4.176,23.080,3.717,14195.789,22.391,2613.872
-16.103,145.447,-16.103145.447,0.094,0.028,3.379,3.599,20.807,3.717,14195.789,23.424,2964.000
-16.1034,145.448,-16.1034145.4479,0.103,0.028,3.179,3.873,16.834,3.717,14195.789,23.424,2964.000
-17.277,145.462,-17.277145.462,0.135,0.021,2.096,5.365,20.858,2.533,10147.895,20.947,2149.481
-17.4603,145.475,-17.4603145.4747,0.261,0.055,5.609,3.921,18.599,2.533,10147.895,19.141,1536.405
-17.455,145.479,-17.455145.4786,0.228,0.062,5.594,3.613,16.914,2.533,10147.895,19.454,1909.324
-17.6891,145.507,-17.6891145.5065,0.164,0.033,3.689,3.531,12.601,2.533,10147.895,19.520,1938.986
-17.6817,145.530,-17.6817145.5299,0.266,0.176,5.748,3.974,20.065,2.533,10147.895,19.520,1938.986
-17.7585,145.546,-17.7585145.5457,0.254,0.109,4.706,3.239,19.901,2.533,10147.895,20.955,2250.114
-17.7868,145.560,-17.7868145.5596,0.207,0.029,3.601,3.298,16.408,2.533,10147.895,20.955,2250.114
-17.5411,145.561,-17.5411145.5614,0.279,0.105,6.075,3.645,24.201,2.533,10147.895,19.669,2733.476
-17.6099,145.563,-17.6099145.5626,0.214,0.042,4.772,3.723,14.587,2.533,10147.895,19.449,2410.981
-17.2655,145.566,-17.2655145.5658,0.275,0.166,3.342,5.552,19.408,2.533,10147.895,21.285,2107.890
-17.1011,145.574,-17.1011145.5735,0.283,0.043,6.651,3.746,23.708,2.533,10147.895,20.048,1457.448
-17.5867,145.582,-17.5867145.582,0.299,0.134,5.739,3.559,25.817,2.533,10147.895,19.449,2410.981
-17.1769,145.587,-17.1769145.5867,0.160,0.037,2.669,3.948,15.887,2.533,10147.895,21.299,1614.671
-17.1772,145.587,-17.1772145.5867,0.160,0.037,2.669,3.948,13.751,2.533,10147.895,21.299,1614.671
-17.1201,145.601,-17.1201145.6008,0.196,0.023,3.256,3.682,15.066,2.533,10147.895,20.310,2271.538
-17.1135,145.601,-17.1135145.6013,0.190,0.022,3.224,3.854,12.107,2.533,10147.895,20.310,2271.538
-17.1192,145.630,-17.1192145.6295,0.155,0.028,2.818,3.664,16.585,2.533,10147.895,21.445,2501.581
-17.117,145.630,-17.117145.63,0.185,0.024,2.732,3.841,12.614,2.533,10147.895,21.445,2501.581
-17.6468,145.638,-17.6468145.6377,0.189,0.043,4.657,2.943,13.601,2.533,10147.895,20.963,3515.909
-17.4206,145.672,-17.4206145.6716,0.259,0.069,5.098,3.713,19.914,2.533,10147.895,21.507,3400.414
-17.5914,145.704,-17.5914145.7036,0.282,0.230,6.451,3.531,20.751,2.533,10147.895,20.969,3496.591
-17.3653,145.715,-17.3653145.7154,0.224,0.145,6.549,3.560,22.928,2.533,10147.895,21.245,2738.424
-17.3516,145.727,-17.3516145.7273,0.304,0.126,5.884,3.678,25.708,2.533,10147.895,21.245,2738.424
-17.61,145.767,-17.61145.7666,0.310,0.153,5.292,2.551,18.408,2.533,10147.895,22.605,2987.895
-37.983,145.800,-37.983145.8,0.186,0.033,3.455,10.616,12.944,1.950,10316.263,13.688,1055.976
-23.87,146.120,-23.87146.12,0.051,0.026,0.665,4.354,5.314,1.268,3411.579,22.185,460.657
-32.9764,146.146,-32.9764146.1458,0.073,0.028,0.943,12.774,12.271,0.950,2994.368,18.264,350.148
-32.9667,146.155,-32.9667146.1547,0.060,0.022,0.919,10.161,9.944,0.950,2994.368,18.264,350.148
-39.0167,146.333,-39.0167146.3333,0.206,0.016,2.805,13.498,23.094,1.548,13741.211,13.872,1006.810
-42.9167,146.433,-42.9167146.4333,0.282,0.036,6.340,18.421,19.259,1.680,10460.947,7.701,1771.848
-23.51,146.520,-23.51146.52,0.039,0.013,0.691,4.326,4.150,1.268,3411.579,22.597,484.748
-43.095,146.650,-43.095146.65,0.302,0.028,4.963,21.301,11.287,1.634,14041.947,10.623,1412.614
-32.8125,146.934,-32.8125146.9336,0.076,0.037,1.132,12.137,13.928,0.950,2994.368,18.119,354.924
-36.874,147.254,-36.874147.254,0.283,0.066,5.214,6.024,27.022,2.231,10020.684,7.301,1377.352
-41.3333,147.750,-41.3333147.75,0.400,0.102,7.232,34.218,22.162,1.456,14655.632,9.883,1057.957
-35.4441,148.929,-35.4441148.9285,0.103,0.024,1.694,4.738,8.971,2.213,10419.737,12.885,819.514
-35.283,149.117,-35.283149.1167,0.084,0.024,1.586,6.451,11.614,1.689,10419.737,13.826,620.243
-34.4572,149.469,-34.4572149.469,0.132,0.027,1.481,6.354,9.944,1.669,8620.474,12.390,706.943
-33.543,150.344,-33.543150.3443,0.188,0.035,3.967,6.479,23.217,2.108,11632.000,13.197,1156.281
-33.5791,150.366,-33.5791150.3656,0.183,0.023,3.432,6.261,13.094,2.108,11632.000,13.197,1156.281
-33.79,150.676,-33.79150.676,0.121,0.029,1.106,16.352,9.614,2.108,11632.000,17.935,791.362
-33.642,150.696,-33.642150.696,0.089,0.022,1.223,8.655,7.300,2.108,11632.000,17.690,781.643
-33.6167,150.733,-33.6167150.7333,0.136,0.037,1.394,12.597,7.300,2.108,11632.000,17.849,780.781
-33.619,150.738,-33.619150.738,0.136,0.030,1.227,15.492,7.793,2.108,11632.000,17.849,780.781
-33.61,150.741,-33.61150.7407,0.146,0.031,1.250,13.657,6.807,2.108,11632.000,17.849,780.781
-33.6108,150.741,-33.6108150.741,0.149,0.033,1.270,14.027,6.643,2.108,11632.000,17.849,780.781
-33.68,150.755,-33.68150.755,0.099,0.024,1.165,13.876,7.957,2.108,11632.000,17.890,794.124
-33.6617,150.783,-33.6617150.7828,0.138,0.031,1.303,12.301,8.450,2.108,11632.000,17.851,791.681
-33.8557,150.995,-33.8557150.9951,0.102,0.026,1.352,11.024,9.287,2.108,11632.000,18.125,879.719
-34.0981,151.059,-34.0981151.0594,0.139,0.019,2.103,10.733,11.930,NA,14289.211,17.404,1110.400
-33.7833,151.117,-33.7833151.1167,0.116,0.023,1.709,9.824,8.136,2.460,15049.842,18.019,1051.581
-27.7348,151.140,-27.7348151.1395,0.081,0.024,1.401,9.571,16.037,2.317,8133.842,18.631,554.929
-33.9083,151.142,-33.9083151.1417,0.105,0.022,1.564,9.475,9.957,2.460,15049.842,18.364,1057.381
-33.6939,151.143,-33.6939151.1431,0.177,0.032,2.850,13.513,11.107,2.460,15049.842,17.461,1163.224
-33.693,151.145,-33.693151.145,0.145,0.023,2.149,12.844,10.437,2.460,15049.842,17.461,1163.224
-33.8753,151.185,-33.8753151.1849,NA,NA,NA,NA,NA,2.460,15049.842,18.454,1124.771
-33.591,151.280,-33.591151.28,0.170,0.027,2.346,8.368,10.450,2.460,15049.842,17.838,1211.952
-33.5384,151.283,-33.5384151.2827,0.198,0.038,2.567,9.728,11.450,2.460,15049.842,17.782,1173.367
-33.5885,151.283,-33.5885151.2834,0.142,0.026,2.375,7.761,10.450,2.460,15049.842,17.838,1211.952
-33.5789,151.292,-33.5789151.2922,NA,NA,NA,NA,NA,2.460,15049.842,18.142,1197.052
-33.578,151.298,-33.578151.298,NA,NA,NA,NA,NA,2.460,15049.842,18.142,1197.052
-33.3709,151.316,-33.3709151.3161,0.204,0.029,3.113,10.014,16.723,2.460,15049.842,17.481,1152.848
-33.1983,151.316,-33.1983151.3164,0.177,0.023,2.869,9.162,16.080,2.460,15049.842,17.384,1042.786
-33.3708,151.318,-33.3708151.3179,0.185,0.020,3.099,8.915,15.080,2.460,15049.842,17.481,1152.848
-33.3718,151.319,-33.3718151.3188,0.182,0.021,3.088,8.334,17.560,2.460,15049.842,17.481,1152.848
-33.3747,151.321,-33.3747151.3206,0.144,0.028,2.709,8.491,16.066,2.460,15049.842,17.481,1152.848
-33.3714,151.321,-33.3714151.3208,0.194,0.027,3.230,10.023,12.437,2.460,15049.842,17.481,1152.848
-33.3718,151.321,-33.3718151.3211,0.194,0.027,3.230,10.023,12.437,2.460,15049.842,17.481,1152.848
-33.3716,151.322,-33.3716151.3215,0.194,0.027,3.230,10.023,10.450,2.460,15049.842,17.481,1152.848
-33.3763,151.323,-33.3763151.3225,0.165,0.027,2.608,7.275,17.573,2.460,15049.842,17.637,1174.638
-33.3789,151.324,-33.3789151.3239,0.153,0.027,2.694,7.956,18.066,2.460,15049.842,17.637,1174.638
-33.3741,151.324,-33.3741151.324,0.193,0.025,3.194,8.993,14.916,2.460,15049.842,17.481,1152.848
-32.1167,151.417,-32.1167151.4167,0.218,0.035,3.590,9.106,22.228,2.105,9399.895,14.262,1184.871
-30.5,152.417,-30.5152.4167,0.231,0.038,5.307,6.491,29.010,2.817,8294.316,15.813,1325.033
-26.9,152.900,-26.9152.9,0.152,0.041,2.579,7.831,8.944,2.735,13497.474,19.977,1294.229
-28.64,153.340,-28.64153.34,0.188,0.025,4.463,8.097,15.408,3.015,16954.632,19.304,1515.967
-28.63,153.360,-28.63153.36,0.215,0.031,5.562,7.307,19.544,3.015,16954.632,19.304,1515.967
-27.5,153.500,-27.5153.5,0.069,0.017,2.383,5.080,13.930,2.695,13857.158,20.660,1329.862